Date,FBM,Zalo,Viber,Mocha,Bigo
01-01-2012,204,0,96,0,0
01-02-2012,217,0,99,0,0
01-03-2012,233,0,99,0,0
01-04-2012,247,0,99,0,0
01-05-2012,251,0,100,0,0
01-06-2012,252,0,95,0,0
01-07-2012,256,0,96,0,0
01-08-2012,256,0,97,0,0
01-09-2012,256,0,90,0,0
01-10-2012,268,0,89,0,0
01-11-2012,260,0,92,0,0
01-12-2012,253,0,94,0,0
01-13-2012,250,0,93,0,0
01-14-2012,267,0,86,0,0
01-15-2012,287,0,83,0,0
01-16-2012,290,0,82,0,0
01-17-2012,293,0,87,0,0
01-18-2012,308,0,83,0,0
01-19-2012,332,0,79,0,0
01-20-2012,335,0,81,0,0
01-21-2012,331,0,81,0,0
01-22-2012,329,0,81,0,0
01-23-2012,332,0,83,0,0
01-24-2012,329,0,77,0,0
01-25-2012,333,0,77,0,0
01-26-2012,311,0,83,0,0
01-27-2012,315,0,82,0,0
01-28-2012,315,0,82,0,0
01-29-2012,328,0,81,0,0
01-30-2012,327,0,77,0,0
01-31-2012,334,0,74,0,0
02-01-2012,333,0,74,0,0
02-02-2012,348,0,71,0,0
02-03-2012,356,0,63,0,0
02-04-2012,371,0,58,0,0
02-05-2012,369,0,54,0,0
02-06-2012,366,0,55,0,0
02-07-2012,389,0,55,0,0
02-08-2012,389,0,52,0,0
02-09-2012,389,0,52,0,0
02-10-2012,389,0,52,0,0
02-11-2012,389,0,52,0,0
02-12-2012,388,0,51,0,0
02-13-2012,446,0,48,0,0
02-14-2012,422,0,49,0,0
02-15-2012,425,0,46,0,0
02-16-2012,431,0,45,0,0
02-17-2012,428,0,44,0,0
02-18-2012,413,0,44,0,0
02-19-2012,412,0,44,0,0
02-20-2012,406,0,46,0,0
02-21-2012,419,0,48,0,0
02-22-2012,405,0,49,0,0
02-23-2012,403,0,47,0,0
02-24-2012,402,0,47,0,0
02-25-2012,389,0,47,0,0
02-26-2012,383,0,47,0,0
02-27-2012,395,0,48,0,0
02-28-2012,393,0,49,0,0
02-29-2012,394,0,48,0,0
03-01-2012,405,0,47,0,0
03-02-2012,411,0,45,0,0
03-03-2012,421,0,46,0,0
03-04-2012,431,0,49,0,0
03-05-2012,436,0,52,0,0
03-06-2012,435,0,52,0,0
03-07-2012,434,0,50,0,0
03-08-2012,425,0,48,0,0
03-09-2012,413,0,53,0,0
03-10-2012,423,0,53,0,0
03-11-2012,419,0,52,0,0
03-12-2012,418,0,52,0,0
03-13-2012,417,0,51,0,0
03-14-2012,425,0,54,0,0
03-15-2012,423,0,54,0,0
03-16-2012,423,0,54,0,0
03-17-2012,423,0,54,0,0
03-18-2012,423,0,54,0,0
03-19-2012,422,0,53,0,0
03-20-2012,393,0,45,0,0
03-21-2012,394,0,45,0,0
03-22-2012,409,0,29,0,0
03-23-2012,406,0,29,0,0
03-24-2012,406,0,29,0,0
03-25-2012,404,0,29,0,0
03-26-2012,404,0,29,0,0
03-27-2012,437,0,8,0,0
03-28-2012,434,0,8,0,0
03-29-2012,423,0,6,0,0
03-30-2012,440,0,6,0,0
03-31-2012,435,0,6,0,0
04-01-2012,433,0,6,0,0
04-02-2012,456,0,6,0,0
04-03-2012,456,0,6,0,0
04-04-2012,456,0,6,0,0
04-05-2012,466,0,8,0,0
04-06-2012,450,0,9,0,0
04-07-2012,473,0,13,0,0
04-08-2012,460,0,18,0,0
04-09-2012,447,0,19,0,0
04-10-2012,457,0,21,0,0
04-11-2012,459,0,21,0,0
04-12-2012,474,0,22,0,0
04-13-2012,463,0,23,0,0
04-14-2012,438,0,24,0,0
04-15-2012,434,0,22,0,0
04-16-2012,428,0,23,0,0
04-17-2012,411,0,24,0,0
04-18-2012,397,0,24,0,0
04-19-2012,371,0,23,0,0
04-20-2012,377,0,22,0,0
04-21-2012,381,0,24,0,0
04-22-2012,372,0,26,0,0
04-23-2012,364,0,26,0,0
04-24-2012,356,0,27,0,0
04-25-2012,355,0,27,0,0
04-26-2012,355,0,27,0,0
04-27-2012,354,0,27,0,0
04-28-2012,371,0,26,0,0
04-29-2012,383,0,27,0,0
04-30-2012,396,0,27,0,0
05-01-2012,414,0,26,0,0
05-02-2012,436,0,27,0,0
05-03-2012,450,0,24,0,0
05-04-2012,439,0,22,0,0
05-05-2012,451,0,22,0,0
05-06-2012,423,0,22,0,0
05-07-2012,393,0,24,0,0
05-08-2012,364,0,25,0,0
05-09-2012,330,0,22,0,0
05-10-2012,315,0,22,0,0
05-11-2012,299,0,22,0,0
05-12-2012,286,0,21,0,0
05-13-2012,284,0,18,0,0
05-14-2012,275,0,18,0,0
05-15-2012,271,0,17,0,0
05-16-2012,254,0,17,0,0
05-17-2012,234,0,18,0,0
05-18-2012,221,0,19,0,0
05-19-2012,211,0,17,0,0
05-20-2012,210,0,19,0,0
05-21-2012,207,0,19,0,0
05-22-2012,199,0,20,0,0
05-23-2012,197,0,19,0,0
05-24-2012,201,0,20,0,0
05-25-2012,199,0,20,0,0
05-26-2012,198,0,20,0,0
05-27-2012,198,0,20,0,0
05-28-2012,197,0,20,0,0
05-29-2012,195,0,20,0,0
05-30-2012,171,0,16,0,0
05-31-2012,176,0,19,0,0
06-01-2012,182,0,18,0,0
06-02-2012,188,0,18,0,0
06-03-2012,192,0,17,0,0
06-04-2012,196,0,17,0,0
06-05-2012,201,0,16,0,0
06-06-2012,205,0,17,0,0
06-07-2012,211,0,18,0,0
06-08-2012,215,0,20,0,0
06-09-2012,222,0,25,0,0
06-10-2012,228,0,25,0,0
06-11-2012,226,0,26,0,0
06-12-2012,235,0,25,0,0
06-13-2012,235,0,24,0,0
06-14-2012,230,0,25,0,0
06-15-2012,230,0,25,0,0
06-16-2012,219,0,26,0,0
06-17-2012,213,0,25,0,0
06-18-2012,216,0,26,0,0
06-19-2012,215,0,26,0,0
06-20-2012,210,0,22,0,0
06-21-2012,197,0,25,0,0
06-22-2012,191,0,24,0,0
06-23-2012,189,0,23,0,0
06-24-2012,179,0,23,0,0
06-25-2012,167,0,23,0,0
06-26-2012,162,0,24,0,0
06-27-2012,156,0,24,0,0
06-28-2012,160,0,25,0,0
06-29-2012,156,0,25,0,0
06-30-2012,162,0,25,0,0
07-01-2012,163,0,26,0,0
07-02-2012,170,0,26,0,0
07-03-2012,171,0,25,0,0
07-04-2012,179,0,24,0,0
07-05-2012,184,0,23,0,0
07-06-2012,185,0,22,0,0
07-07-2012,184,0,22,0,0
07-08-2012,185,0,22,0,0
07-09-2012,185,0,21,0,0
07-10-2012,189,0,21,0,0
07-11-2012,187,0,21,0,0
07-12-2012,188,0,21,0,0
07-13-2012,190,0,21,0,0
07-14-2012,197,0,21,0,0
07-15-2012,200,0,20,0,0
07-16-2012,208,0,19,0,0
07-17-2012,206,0,19,0,0
07-18-2012,204,0,19,0,0
07-19-2012,186,0,19,0,0
07-20-2012,171,0,20,0,0
07-21-2012,167,0,22,0,0
07-22-2012,166,0,22,0,0
07-23-2012,142,0,20,0,0
07-24-2012,136,0,19,0,0
07-25-2012,130,0,19,0,0
07-26-2012,135,0,22,0,0
07-27-2012,127,0,12,0,0
07-28-2012,121,0,8,0,0
07-29-2012,117,0,7,0,0
07-30-2012,113,0,5,0,0
07-31-2012,113,0,6,0,0
08-01-2012,115,0,3,0,0
08-02-2012,118,415,3,0,0
08-03-2012,118,415,3,0,0
08-04-2012,118,415,3,0,0
08-05-2012,118,415,3,0,0
08-06-2012,118,104,3,0,0
08-07-2012,119,85,3,0,0
08-08-2012,119,74,4,0,0
08-09-2012,119,61,6,0,0
08-10-2012,122,59,6,0,0
08-11-2012,121,53,6,0,0
08-12-2012,123,48,6,0,0
08-13-2012,121,41,6,0,0
08-14-2012,122,38,6,0,0
08-15-2012,115,37,7,0,0
08-16-2012,112,39,7,0,0
08-17-2012,111,40,9,0,0
08-18-2012,101,33,11,0,0
08-19-2012,106,37,11,0,0
08-20-2012,113,39,12,0,0
08-21-2012,112,39,12,0,0
08-22-2012,112,39,12,0,0
08-23-2012,121,46,12,0,0
08-24-2012,121,46,12,0,0
08-25-2012,120,46,12,0,0
08-26-2012,121,46,12,0,0
08-27-2012,60,68,12,0,0
08-28-2012,60,68,12,0,0
08-29-2012,51,69,12,0,0
08-30-2012,51,69,12,0,0
08-31-2012,33,82,11,0,0
09-01-2012,35,94,11,0,0
09-02-2012,35,93,11,0,0
09-03-2012,37,121,11,0,0
09-04-2012,38,136,10,0,0
09-05-2012,38,136,10,0,0
09-06-2012,38,135,10,0,0
09-07-2012,40,169,10,0,0
09-08-2012,40,170,10,0,0
09-09-2012,40,171,10,0,0
09-10-2012,40,172,10,0,0
09-11-2012,39,169,10,0,0
09-12-2012,40,169,10,0,0
09-13-2012,41,168,10,0,0
09-14-2012,41,161,10,0,0
09-15-2012,39,159,10,0,0
09-16-2012,39,155,10,0,0
09-17-2012,35,141,10,0,0
09-18-2012,36,126,10,0,0
09-19-2012,36,118,10,0,0
09-20-2012,37,111,10,0,0
09-21-2012,36,107,10,0,0
09-22-2012,35,103,10,0,0
09-23-2012,34,104,10,0,0
09-24-2012,30,103,10,0,0
09-25-2012,27,111,10,0,0
09-26-2012,26,117,10,0,0
09-27-2012,24,120,9,0,0
09-28-2012,24,123,9,0,0
09-29-2012,26,124,10,0,0
09-30-2012,27,125,9,0,0
10-01-2012,27,123,9,0,0
10-02-2012,27,124,9,0,0
10-03-2012,27,129,9,0,0
10-04-2012,29,131,9,0,0
10-05-2012,31,144,9,0,0
10-06-2012,33,151,9,0,0
10-07-2012,35,155,9,0,0
10-08-2012,34,160,9,0,0
10-09-2012,33,169,9,0,0
10-10-2012,33,177,9,0,0
10-11-2012,33,178,9,0,0
10-12-2012,33,175,9,0,0
10-13-2012,36,181,9,0,0
10-14-2012,36,181,9,0,0
10-15-2012,36,182,9,0,0
10-16-2012,34,178,9,0,0
10-17-2012,30,178,9,0,0
10-18-2012,29,178,9,0,0
10-19-2012,31,179,9,0,0
10-20-2012,31,181,10,0,0
10-21-2012,30,185,10,0,0
10-22-2012,32,186,9,0,0
10-23-2012,32,189,8,0,0
10-24-2012,29,173,3,0,0
10-25-2012,30,171,3,0,0
10-26-2012,32,174,3,0,0
10-27-2012,32,176,3,0,0
10-28-2012,34,182,3,0,0
10-29-2012,34,186,3,0,0
10-30-2012,34,194,3,0,0
10-31-2012,35,197,3,0,0
11-01-2012,36,209,3,0,0
11-02-2012,36,215,3,0,0
11-03-2012,36,226,3,0,0
11-04-2012,37,227,3,0,0
11-05-2012,41,226,3,0,0
11-06-2012,39,238,3,0,0
11-07-2012,40,246,3,0,0
11-08-2012,42,242,3,0,0
11-09-2012,41,238,3,0,0
11-10-2012,41,242,3,0,0
11-11-2012,41,240,3,0,0
11-12-2012,40,235,3,0,0
11-13-2012,40,228,3,0,0
11-14-2012,40,220,3,0,0
11-15-2012,41,213,3,0,0
11-16-2012,39,203,3,0,0
11-17-2012,40,193,3,0,0
11-18-2012,38,179,3,0,0
11-19-2012,38,167,3,0,0
11-20-2012,37,162,3,0,0
11-21-2012,35,151,3,0,0
11-22-2012,36,142,4,0,0
11-23-2012,35,133,4,0,0
11-24-2012,35,117,4,0,0
11-25-2012,33,105,4,0,0
11-26-2012,33,99,4,0,0
11-27-2012,30,96,4,0,0
11-28-2012,30,96,4,0,0
11-29-2012,29,91,4,0,0
11-30-2012,29,90,4,0,0
12-01-2012,28,101,5,0,0
12-02-2012,31,101,5,0,0
12-03-2012,32,102,5,0,0
12-04-2012,32,102,5,0,0
12-05-2012,32,102,5,0,0
12-06-2012,33,107,5,0,0
12-07-2012,22,116,5,0,0
12-08-2012,19,121,5,0,0
12-09-2012,18,121,4,0,0
12-10-2012,15,116,4,0,0
12-11-2012,13,112,4,0,0
12-12-2012,12,108,4,0,0
12-13-2012,13,91,4,0,0
12-14-2012,13,91,4,0,0
12-15-2012,14,78,4,0,0
12-16-2012,15,77,4,0,0
12-17-2012,15,73,4,0,0
12-18-2012,15,55,4,0,0
12-19-2012,16,45,4,0,0
12-20-2012,16,39,4,0,0
12-21-2012,15,31,6,0,0
12-22-2012,12,24,6,0,0
12-23-2012,11,23,5,0,0
12-24-2012,11,21,6,0,0
12-25-2012,11,21,6,0,0
12-26-2012,11,24,6,0,0
12-27-2012,12,26,6,0,0
12-28-2012,12,25,6,0,0
12-29-2012,12,25,6,0,0
12-30-2012,13,20,6,0,0
12-31-2012,18,21,6,0,0
01-01-2013,21,23,6,0,0
01-02-2013,21,23,7,0,0
01-03-2013,23,22,7,0,0
01-04-2013,21,23,6,0,0
01-05-2013,20,22,6,0,0
01-06-2013,18,23,6,0,0
01-07-2013,19,23,5,0,0
01-08-2013,20,22,5,0,0
01-09-2013,20,19,5,0,0
01-10-2013,21,15,5,0,0
01-11-2013,21,15,5,0,0
01-12-2013,26,12,6,0,0
01-13-2013,26,12,6,0,0
01-14-2013,28,8,6,0,0
01-15-2013,29,9,6,0,0
01-16-2013,29,8,5,0,0
01-17-2013,30,8,5,0,0
01-18-2013,29,8,4,0,0
01-19-2013,29,7,4,0,0
01-20-2013,30,7,4,0,0
01-21-2013,29,6,4,0,0
01-22-2013,29,6,5,0,0
01-23-2013,28,6,4,0,0
01-24-2013,30,6,4,0,0
01-25-2013,30,7,4,0,0
01-26-2013,29,8,4,0,0
01-27-2013,29,9,4,0,0
01-28-2013,26,11,4,0,0
01-29-2013,24,13,4,0,0
01-30-2013,24,14,3,0,0
01-31-2013,22,15,3,0,0
02-01-2013,21,16,3,0,0
02-02-2013,19,14,3,0,0
02-03-2013,21,12,3,0,0
02-04-2013,23,13,4,0,0
02-05-2013,24,12,4,0,0
02-06-2013,23,12,4,0,0
02-07-2013,27,12,4,0,0
02-08-2013,27,11,4,0,0
02-09-2013,28,13,5,0,0
02-10-2013,27,15,5,0,0
02-11-2013,27,15,6,0,0
02-12-2013,27,15,6,0,0
02-13-2013,26,15,6,0,0
02-14-2013,26,15,6,0,0
02-15-2013,23,19,7,0,0
02-16-2013,23,19,7,0,0
02-17-2013,22,20,7,0,0
02-18-2013,21,19,7,0,0
02-19-2013,21,18,6,0,0
02-20-2013,21,18,6,0,0
02-21-2013,21,16,5,0,0
02-22-2013,22,15,5,0,0
02-23-2013,22,16,5,0,0
02-24-2013,24,16,4,0,0
02-25-2013,24,15,4,0,0
02-26-2013,22,15,3,0,0
02-27-2013,22,15,3,0,0
02-28-2013,22,14,3,0,0
03-01-2013,22,9,3,0,0
03-02-2013,22,8,3,0,0
03-03-2013,22,7,3,0,0
03-04-2013,21,7,3,0,0
03-05-2013,22,7,3,0,0
03-06-2013,24,6,3,0,0
03-07-2013,22,6,3,0,0
03-08-2013,22,6,3,0,0
03-09-2013,24,7,3,0,0
03-10-2013,25,6,3,0,0
03-11-2013,24,6,3,0,0
03-12-2013,24,6,3,0,0
03-13-2013,24,6,3,0,0
03-14-2013,22,6,3,0,0
03-15-2013,22,6,3,0,0
03-16-2013,23,8,3,0,0
03-17-2013,23,8,3,0,0
03-18-2013,24,8,3,0,0
03-19-2013,24,7,3,0,0
03-20-2013,24,7,3,0,0
03-21-2013,24,6,3,0,0
03-22-2013,24,5,3,0,0
03-23-2013,25,5,3,0,0
03-24-2013,24,5,3,0,0
03-25-2013,24,5,3,0,0
03-26-2013,25,5,3,0,0
03-27-2013,25,5,3,0,0
03-28-2013,27,5,3,0,0
03-29-2013,28,5,3,0,0
03-30-2013,29,5,3,0,0
03-31-2013,29,5,3,0,0
04-01-2013,27,5,3,0,0
04-02-2013,28,5,3,0,0
04-03-2013,27,5,3,0,0
04-04-2013,26,5,3,0,0
04-05-2013,26,5,3,0,0
04-06-2013,28,5,2,0,0
04-07-2013,27,5,2,0,0
04-08-2013,26,4,2,0,0
04-09-2013,26,4,2,0,0
04-10-2013,25,4,2,0,0
04-11-2013,25,4,2,0,0
04-12-2013,25,4,2,0,0
04-13-2013,23,4,2,0,0
04-14-2013,23,4,2,0,0
04-15-2013,23,4,2,0,0
04-16-2013,22,4,2,0,0
04-17-2013,20,4,2,0,0
04-18-2013,18,4,2,0,0
04-19-2013,18,4,2,0,0
04-20-2013,19,5,2,0,0
04-21-2013,19,5,2,0,0
04-22-2013,19,5,2,0,0
04-23-2013,19,5,2,0,0
04-24-2013,19,5,2,0,0
04-25-2013,19,5,2,0,0
04-26-2013,20,5,2,0,0
04-27-2013,19,5,2,0,0
04-28-2013,19,5,2,0,0
04-29-2013,21,5,2,0,0
04-30-2013,22,4,2,0,0
05-01-2013,21,4,2,0,0
05-02-2013,20,5,2,0,0
05-03-2013,19,4,2,0,0
05-04-2013,22,4,2,0,0
05-05-2013,20,4,2,0,0
05-06-2013,20,4,2,0,0
05-07-2013,19,4,2,0,0
05-08-2013,18,4,2,0,0
05-09-2013,18,4,2,0,0
05-10-2013,20,4,2,0,0
05-11-2013,20,4,2,0,0
05-12-2013,21,4,2,0,0
05-13-2013,19,4,2,0,0
05-14-2013,18,4,2,0,0
05-15-2013,19,4,2,0,0
05-16-2013,19,4,2,0,0
05-17-2013,19,4,2,0,0
05-18-2013,19,4,2,0,0
05-19-2013,20,4,2,0,0
05-20-2013,20,4,2,0,0
05-21-2013,20,4,2,0,0
05-22-2013,20,4,2,0,0
05-23-2013,20,4,2,0,0
05-24-2013,20,4,2,0,0
05-25-2013,19,4,2,0,0
05-26-2013,19,4,2,0,0
05-27-2013,19,4,2,0,0
05-28-2013,21,4,2,0,0
05-29-2013,22,4,2,0,0
05-30-2013,22,4,2,0,0
05-31-2013,21,4,2,0,0
06-01-2013,20,4,2,0,0
06-02-2013,20,4,2,0,0
06-03-2013,19,4,2,0,0
06-04-2013,19,4,2,0,0
06-05-2013,18,4,3,0,0
06-06-2013,19,4,3,0,0
06-07-2013,18,4,3,0,0
06-08-2013,18,4,2,0,0
06-09-2013,20,4,2,0,0
06-10-2013,21,4,2,0,0
06-11-2013,21,4,2,0,0
06-12-2013,20,4,2,0,0
06-13-2013,20,4,2,0,0
06-14-2013,20,4,2,0,0
06-15-2013,21,4,2,0,0
06-16-2013,20,4,2,0,0
06-17-2013,20,4,2,0,0
06-18-2013,20,4,2,0,0
06-19-2013,20,4,2,0,0
06-20-2013,19,4,2,0,0
06-21-2013,19,4,2,0,0
06-22-2013,21,4,2,0,0
06-23-2013,22,3,2,0,0
06-24-2013,22,3,2,0,0
06-25-2013,21,3,2,0,0
06-26-2013,22,3,2,0,0
06-27-2013,22,3,2,0,0
06-28-2013,22,3,2,0,0
06-29-2013,23,3,2,0,0
06-30-2013,21,3,2,0,0
07-01-2013,21,3,2,0,0
07-02-2013,20,4,2,0,0
07-03-2013,19,4,2,0,0
07-04-2013,16,4,2,0,0
07-05-2013,15,4,2,0,0
07-06-2013,15,4,2,0,0
07-07-2013,15,4,2,0,0
07-08-2013,15,4,2,0,0
07-09-2013,15,4,2,0,0
07-10-2013,16,4,2,0,0
07-11-2013,18,4,2,0,0
07-12-2013,18,4,2,0,0
07-13-2013,20,4,2,0,0
07-14-2013,21,4,2,0,0
07-15-2013,22,4,2,0,0
07-16-2013,23,4,2,0,0
07-17-2013,23,4,3,0,0
07-18-2013,23,4,3,0,0
07-19-2013,24,4,3,0,0
07-20-2013,23,4,3,0,0
07-21-2013,22,4,3,0,0
07-22-2013,23,5,3,0,0
07-23-2013,24,5,4,0,0
07-24-2013,24,5,4,0,0
07-25-2013,22,5,4,0,0
07-26-2013,22,5,4,0,0
07-27-2013,21,5,4,0,0
07-28-2013,22,5,4,0,0
07-29-2013,22,5,4,0,0
07-30-2013,20,5,4,0,0
07-31-2013,22,5,3,0,0
08-01-2013,21,4,3,0,0
08-02-2013,21,4,3,0,0
08-03-2013,20,5,3,0,0
08-04-2013,20,5,3,0,0
08-05-2013,19,5,4,0,0
08-06-2013,21,5,3,0,0
08-07-2013,20,4,3,0,0
08-08-2013,20,4,3,0,0
08-09-2013,20,4,3,0,0
08-10-2013,20,4,3,0,0
08-11-2013,21,4,3,0,0
08-12-2013,21,4,3,0,0
08-13-2013,21,4,3,0,0
08-14-2013,21,4,3,0,0
08-15-2013,20,4,3,0,0
08-16-2013,20,4,3,0,0
08-17-2013,20,4,3,0,0
08-18-2013,20,4,3,0,0
08-19-2013,20,4,3,0,0
08-20-2013,20,4,3,0,0
08-21-2013,20,4,3,0,0
08-22-2013,20,4,3,0,0
08-23-2013,20,4,3,0,0
08-24-2013,18,4,3,0,0
08-25-2013,18,4,3,0,0
08-26-2013,18,3,4,0,0
08-27-2013,18,3,4,0,0
08-28-2013,17,3,4,0,0
08-29-2013,17,3,4,0,0
08-30-2013,17,3,4,0,0
08-31-2013,18,3,4,0,0
09-01-2013,17,3,4,0,0
09-02-2013,19,3,4,0,0
09-03-2013,18,3,4,0,0
09-04-2013,18,3,4,0,0
09-05-2013,18,2,4,0,0
09-06-2013,18,2,4,0,0
09-07-2013,19,2,4,0,0
09-08-2013,19,2,4,0,0
09-09-2013,19,2,4,0,0
09-10-2013,20,2,4,0,0
09-11-2013,20,2,4,0,0
09-12-2013,22,2,4,0,0
09-13-2013,22,2,4,0,0
09-14-2013,25,2,4,0,0
09-15-2013,25,2,4,0,0
09-16-2013,25,2,4,0,0
09-17-2013,27,2,4,0,0
09-18-2013,27,2,4,0,0
09-19-2013,27,2,4,0,0
09-20-2013,27,2,4,0,0
09-21-2013,27,2,4,0,0
09-22-2013,27,2,4,0,0
09-23-2013,28,2,4,0,0
09-24-2013,28,2,4,0,0
09-25-2013,28,2,4,0,0
09-26-2013,27,2,4,0,0
09-27-2013,28,2,4,0,0
09-28-2013,27,2,4,0,0
09-29-2013,24,2,4,0,0
09-30-2013,24,2,4,0,0
10-01-2013,23,2,4,0,0
10-02-2013,22,2,4,0,0
10-03-2013,21,2,4,0,0
10-04-2013,21,2,4,0,0
10-05-2013,21,2,4,0,0
10-06-2013,21,2,4,0,0
10-07-2013,21,2,4,0,0
10-08-2013,20,2,4,0,0
10-09-2013,19,2,4,0,0
10-10-2013,18,2,4,0,0
10-11-2013,20,2,4,0,0
10-12-2013,18,2,4,0,0
10-13-2013,18,2,4,0,0
10-14-2013,18,2,4,0,0
10-15-2013,18,2,4,0,0
10-16-2013,18,2,4,0,0
10-17-2013,17,2,4,0,0
10-18-2013,16,2,4,0,0
10-19-2013,17,2,4,0,0
10-20-2013,18,2,4,0,0
10-21-2013,18,2,4,0,0
10-22-2013,18,2,4,0,0
10-23-2013,18,2,4,0,0
10-24-2013,18,2,4,0,0
10-25-2013,19,2,4,0,0
10-26-2013,20,2,4,0,0
10-27-2013,20,2,4,0,0
10-28-2013,20,2,4,0,0
10-29-2013,20,2,4,0,0
10-30-2013,20,2,4,0,0
10-31-2013,15,2,4,0,0
11-01-2013,11,2,4,0,0
11-02-2013,9,2,4,0,0
11-03-2013,9,2,4,0,0
11-04-2013,8,2,4,0,0
11-05-2013,8,2,4,0,0
11-06-2013,8,2,5,0,0
11-07-2013,8,2,5,0,0
11-08-2013,11,3,5,0,0
11-09-2013,14,3,5,0,0
11-10-2013,14,3,5,0,0
11-11-2013,13,3,5,0,0
11-12-2013,13,2,5,0,0
11-13-2013,13,2,4,0,0
11-14-2013,13,2,4,0,0
11-15-2013,13,2,4,0,0
11-16-2013,13,2,4,0,0
11-17-2013,13,2,4,0,0
11-18-2013,13,2,4,0,0
11-19-2013,14,2,4,0,0
11-20-2013,13,2,4,0,0
11-21-2013,13,2,4,0,0
11-22-2013,14,2,4,0,0
11-23-2013,16,2,4,0,0
11-24-2013,16,2,4,0,0
11-25-2013,15,2,4,0,0
11-26-2013,16,2,5,0,0
11-27-2013,16,2,5,0,0
11-28-2013,15,3,5,0,0
11-29-2013,13,3,5,0,0
11-30-2013,14,2,5,0,0
12-01-2013,15,2,5,0,0
12-02-2013,15,2,5,0,0
12-03-2013,15,2,5,0,0
12-04-2013,14,2,5,0,0
12-05-2013,12,2,5,0,0
12-06-2013,11,2,5,0,0
12-07-2013,8,2,5,0,0
12-08-2013,8,2,5,0,0
12-09-2013,8,2,5,0,0
12-10-2013,8,2,5,0,0
12-11-2013,7,2,5,0,0
12-12-2013,6,2,5,0,0
12-13-2013,6,2,5,0,0
12-14-2013,6,2,5,0,0
12-15-2013,6,2,4,0,0
12-16-2013,6,2,4,0,0
12-17-2013,5,2,4,0,0
12-18-2013,5,2,4,0,0
12-19-2013,5,2,4,0,0
12-20-2013,4,2,5,0,0
12-21-2013,4,2,5,0,0
12-22-2013,4,2,5,0,0
12-23-2013,2,4,5,0,0
12-24-2013,2,4,5,0,0
12-25-2013,2,4,5,0,0
12-26-2013,2,4,5,0,0
12-27-2013,2,4,5,0,0
12-28-2013,2,4,5,0,0
12-29-2013,3,4,5,0,0
12-30-2013,4,3,5,0,0
12-31-2013,4,3,5,0,0
01-01-2014,6,3,4,0,0
01-02-2014,6,3,4,0,0
01-03-2014,5,3,4,0,0
01-04-2014,4,3,5,0,0
01-05-2014,4,3,5,0,0
01-06-2014,4,3,5,0,0
01-07-2014,4,3,5,0,0
01-08-2014,3,4,5,0,0
01-09-2014,4,3,5,0,0
01-10-2014,4,3,5,0,0
01-11-2014,4,3,5,0,0
01-12-2014,4,3,5,0,0
01-13-2014,4,3,5,0,0
01-14-2014,4,3,5,0,0
01-15-2014,5,3,4,0,0
01-16-2014,5,3,4,0,0
01-17-2014,5,3,4,0,0
01-18-2014,5,3,4,0,0
01-19-2014,5,3,4,0,0
01-20-2014,5,3,4,0,0
01-21-2014,5,3,4,0,0
01-22-2014,5,3,4,0,0
01-23-2014,5,3,4,0,0
01-24-2014,6,3,4,0,0
01-25-2014,6,3,4,0,0
01-26-2014,6,3,4,0,0
01-27-2014,6,3,4,0,0
01-28-2014,7,3,4,0,0
01-29-2014,7,3,4,0,0
01-30-2014,7,3,4,0,0
01-31-2014,7,3,5,0,0
02-01-2014,7,3,5,0,0
02-02-2014,7,3,5,0,0
02-03-2014,6,3,5,0,0
02-04-2014,6,2,5,0,0
02-05-2014,6,2,5,0,0
02-06-2014,0,2,5,0,0
02-07-2014,0,2,5,0,0
02-08-2014,0,3,6,0,0
02-09-2014,0,3,6,0,0
02-10-2014,0,2,5,0,0
02-11-2014,0,2,5,0,0
02-12-2014,0,2,5,0,0
02-13-2014,0,2,5,0,0
02-14-2014,0,2,5,0,0
02-15-2014,0,2,5,0,0
02-16-2014,0,2,5,0,0
02-17-2014,0,2,5,0,0
02-18-2014,0,2,5,0,0
02-19-2014,0,2,5,0,0
02-20-2014,0,2,5,0,0
02-21-2014,0,2,5,0,0
02-22-2014,0,2,5,0,0
02-23-2014,0,2,5,0,0
02-24-2014,0,2,5,0,0
02-25-2014,0,2,5,0,0
02-26-2014,0,2,5,0,0
02-27-2014,0,2,5,0,0
02-28-2014,22,2,6,0,0
03-01-2014,22,2,6,0,0
03-02-2014,9,2,6,0,0
03-03-2014,7,2,6,0,0
03-04-2014,7,2,6,0,0
03-05-2014,6,2,7,0,0
03-06-2014,5,2,7,0,0
03-07-2014,4,2,7,0,0
03-08-2014,4,2,7,0,0
03-09-2014,4,2,7,0,0
03-10-2014,4,2,7,0,0
03-11-2014,4,2,7,0,0
03-12-2014,4,2,7,0,0
03-13-2014,4,2,6,0,0
03-14-2014,4,2,6,0,0
03-15-2014,4,2,6,0,0
03-16-2014,4,2,6,0,0
03-17-2014,4,2,6,0,0
03-18-2014,4,2,6,0,0
03-19-2014,4,2,6,0,0
03-20-2014,4,2,6,0,0
03-21-2014,4,2,6,0,0
03-22-2014,4,2,6,0,0
03-23-2014,4,2,6,0,0
03-24-2014,4,2,6,0,0
03-25-2014,4,2,6,0,0
03-26-2014,4,2,6,0,0
03-27-2014,4,2,6,0,0
03-28-2014,4,2,6,0,0
03-29-2014,4,2,6,0,0
03-30-2014,5,2,6,0,0
03-31-2014,5,2,6,0,0
04-01-2014,4,2,6,0,0
04-02-2014,4,2,6,0,0
04-03-2014,4,2,6,0,0
04-04-2014,4,2,6,0,0
04-05-2014,4,2,6,0,0
04-06-2014,4,2,6,0,0
04-07-2014,4,2,5,0,0
04-08-2014,4,2,5,0,0
04-09-2014,4,2,5,0,0
04-10-2014,4,2,6,0,0
04-11-2014,4,2,6,0,0
04-12-2014,4,2,6,0,0
04-13-2014,4,2,6,0,0
04-14-2014,4,2,6,0,0
04-15-2014,4,2,7,0,0
04-16-2014,4,2,7,0,0
04-17-2014,4,2,7,0,0
04-18-2014,4,2,7,0,0
04-19-2014,4,2,6,0,0
04-20-2014,4,2,7,0,0
04-21-2014,5,2,7,0,0
04-22-2014,5,2,7,0,0
04-23-2014,5,2,7,0,0
04-24-2014,5,2,7,0,0
04-25-2014,6,2,7,0,0
04-26-2014,6,2,7,0,0
04-27-2014,4,2,7,0,0
04-28-2014,5,2,7,0,0
04-29-2014,5,2,7,0,0
04-30-2014,5,2,7,0,0
05-01-2014,5,2,7,0,0
05-02-2014,5,2,6,0,0
05-03-2014,5,2,6,0,0
05-04-2014,5,2,6,0,0
05-05-2014,5,2,6,0,0
05-06-2014,5,2,6,0,0
05-07-2014,5,2,6,0,0
05-08-2014,5,2,7,0,0
05-09-2014,5,2,8,0,0
05-10-2014,6,2,7,0,0
05-11-2014,6,2,7,0,0
05-12-2014,6,2,7,0,0
05-13-2014,6,2,7,0,0
05-14-2014,6,2,7,0,0
05-15-2014,6,2,7,0,0
05-16-2014,6,2,7,0,0
05-17-2014,6,2,7,0,0
05-18-2014,6,2,7,0,0
05-19-2014,6,2,7,0,0
05-20-2014,6,2,7,0,0
05-21-2014,6,2,7,0,0
05-22-2014,6,2,7,0,0
05-23-2014,6,2,7,0,0
05-24-2014,6,2,7,0,0
05-25-2014,6,2,7,0,0
05-26-2014,5,2,7,0,0
05-27-2014,5,2,7,0,0
05-28-2014,5,2,7,0,0
05-29-2014,5,2,10,0,0
05-30-2014,4,2,10,0,0
05-31-2014,4,2,10,0,0
06-01-2014,6,2,10,0,0
06-02-2014,7,2,10,0,0
06-03-2014,7,2,10,0,0
06-04-2014,7,2,11,0,0
06-05-2014,7,2,10,0,0
06-06-2014,7,2,11,0,0
06-07-2014,7,2,10,0,0
06-08-2014,7,2,10,0,0
06-09-2014,7,2,10,0,0
06-10-2014,7,2,11,0,0
06-11-2014,7,2,11,0,0
06-12-2014,7,2,13,0,0
06-13-2014,8,2,13,0,0
06-14-2014,8,3,13,0,0
06-15-2014,8,3,12,0,0
06-16-2014,8,3,12,0,0
06-17-2014,8,3,14,0,0
06-18-2014,9,3,13,0,0
06-19-2014,9,3,13,0,0
06-20-2014,9,3,14,0,0
06-21-2014,9,3,14,0,0
06-22-2014,9,3,13,0,0
06-23-2014,9,3,14,0,0
06-24-2014,9,3,14,0,0
06-25-2014,8,3,15,0,0
06-26-2014,9,3,16,0,0
06-27-2014,11,3,16,0,0
06-28-2014,11,3,16,0,0
06-29-2014,9,4,14,0,0
06-30-2014,9,4,14,0,0
07-01-2014,9,4,14,0,0
07-02-2014,9,4,14,0,0
07-03-2014,8,4,13,0,0
07-04-2014,8,4,14,0,0
07-05-2014,10,4,16,0,0
07-06-2014,11,4,16,0,0
07-07-2014,11,4,17,0,0
07-08-2014,11,4,17,0,0
07-09-2014,12,4,16,0,0
07-10-2014,11,3,16,0,0
07-11-2014,10,3,15,0,0
07-12-2014,9,3,15,0,0
07-13-2014,9,3,14,0,0
07-14-2014,9,3,15,0,0
07-15-2014,8,4,14,0,0
07-16-2014,8,3,14,0,0
07-17-2014,8,3,14,0,0
07-18-2014,9,3,14,0,0
07-19-2014,9,3,15,0,0
07-20-2014,9,3,16,0,0
07-21-2014,10,3,16,0,0
07-22-2014,10,2,14,0,0
07-23-2014,10,2,14,0,0
07-24-2014,7,3,13,0,0
07-25-2014,6,3,13,0,0
07-26-2014,5,3,12,0,0
07-27-2014,5,3,12,0,0
07-28-2014,5,3,12,0,0
07-29-2014,5,3,13,0,0
07-30-2014,6,3,13,0,0
07-31-2014,5,3,13,0,0
08-01-2014,4,3,13,0,0
08-02-2014,1,4,12,0,0
08-03-2014,2,4,12,0,0
08-04-2014,1,4,11,0,0
08-05-2014,1,4,11,0,0
08-06-2014,1,4,12,0,0
08-07-2014,2,4,11,0,0
08-08-2014,2,4,10,0,0
08-09-2014,1,4,10,0,0
08-10-2014,1,4,12,0,0
08-11-2014,1,3,12,0,0
08-12-2014,1,3,12,0,0
08-13-2014,1,3,11,0,0
08-14-2014,1,3,11,0,0
08-15-2014,1,3,11,0,0
08-16-2014,1,3,13,0,0
08-17-2014,1,3,13,0,0
08-18-2014,1,3,13,0,0
08-19-2014,1,3,12,0,0
08-20-2014,1,3,12,0,0
08-21-2014,1,3,12,0,0
08-22-2014,2,4,12,0,0
08-23-2014,2,4,12,0,0
08-24-2014,2,4,13,0,0
08-25-2014,2,4,13,0,0
08-26-2014,2,4,14,0,0
08-27-2014,2,4,14,0,0
08-28-2014,2,4,16,0,0
08-29-2014,2,4,16,0,0
08-30-2014,2,4,16,0,0
08-31-2014,2,3,16,0,0
09-01-2014,2,3,16,0,0
09-02-2014,2,3,15,0,0
09-03-2014,2,3,16,0,0
09-04-2014,2,3,15,0,0
09-05-2014,1,3,15,0,0
09-06-2014,1,3,15,0,0
09-07-2014,1,3,16,0,0
09-08-2014,1,3,16,0,0
09-09-2014,1,3,15,0,0
09-10-2014,1,3,16,0,0
09-11-2014,1,3,15,0,0
09-12-2014,1,3,16,0,0
09-13-2014,1,3,16,0,0
09-14-2014,1,3,15,0,0
09-15-2014,1,3,16,0,0
09-16-2014,1,3,16,0,0
09-17-2014,1,3,16,0,0
09-18-2014,1,3,16,0,0
09-19-2014,1,3,15,0,0
09-20-2014,1,3,14,0,0
09-21-2014,1,3,14,0,0
09-22-2014,1,3,14,0,0
09-23-2014,1,3,14,0,0
09-24-2014,1,3,14,0,0
09-25-2014,1,3,13,0,0
09-26-2014,1,3,13,0,0
09-27-2014,1,3,12,0,0
09-28-2014,1,3,12,0,0
09-29-2014,1,3,12,0,0
09-30-2014,1,3,12,0,0
10-01-2014,1,3,12,0,0
10-02-2014,1,3,12,0,0
10-03-2014,1,3,12,0,0
10-04-2014,1,3,12,0,0
10-05-2014,1,3,12,0,0
10-06-2014,1,3,13,0,0
10-07-2014,1,3,15,0,0
10-08-2014,1,3,16,0,0
10-09-2014,1,3,14,0,0
10-10-2014,1,3,13,0,0
10-11-2014,1,3,13,0,0
10-12-2014,1,3,13,0,0
10-13-2014,1,3,13,0,0
10-14-2014,1,2,12,0,0
10-15-2014,2,1,11,0,0
10-16-2014,3,1,12,0,0
10-17-2014,3,1,11,0,0
10-18-2014,3,1,11,0,0
10-19-2014,3,1,10,0,0
10-20-2014,3,1,10,0,0
10-21-2014,3,1,10,0,0
10-22-2014,3,1,10,0,0
10-23-2014,3,1,10,0,0
10-24-2014,4,1,10,0,0
10-25-2014,4,1,10,0,0
10-26-2014,4,2,13,0,0
10-27-2014,4,1,13,0,0
10-28-2014,4,1,14,0,0
10-29-2014,4,1,14,0,0
10-30-2014,4,2,14,0,0
10-31-2014,4,2,14,0,0
11-01-2014,4,2,15,0,0
11-02-2014,3,2,15,0,0
11-03-2014,3,2,15,0,0
11-04-2014,3,2,19,0,0
11-05-2014,3,1,19,0,0
11-06-2014,3,1,18,0,0
11-07-2014,3,1,18,0,0
11-08-2014,3,1,17,0,0
11-09-2014,3,1,17,0,0
11-10-2014,3,1,17,0,0
11-11-2014,3,1,17,0,0
11-12-2014,3,1,17,0,0
11-13-2014,3,1,19,0,0
11-14-2014,3,1,18,0,0
11-15-2014,3,1,18,0,0
11-16-2014,3,1,18,0,0
11-17-2014,3,1,17,0,0
11-18-2014,3,1,16,0,0
11-19-2014,3,1,17,0,0
11-20-2014,4,1,17,0,0
11-21-2014,3,1,18,0,0
11-22-2014,3,1,19,0,0
11-23-2014,3,1,19,0,0
11-24-2014,3,1,19,0,0
11-25-2014,2,1,18,0,0
11-26-2014,2,1,16,0,0
11-27-2014,2,1,16,0,0
11-28-2014,2,1,15,0,0
11-29-2014,4,1,14,0,0
11-30-2014,2,1,15,0,0
12-01-2014,4,1,14,0,0
12-02-2014,2,1,14,0,0
12-03-2014,2,1,14,0,0
12-04-2014,2,1,14,0,0
12-05-2014,3,1,15,0,0
12-06-2014,3,1,16,0,0
12-07-2014,3,1,13,0,0
12-08-2014,3,1,15,0,0
12-09-2014,3,1,16,0,0
12-10-2014,3,1,15,0,0
12-11-2014,3,1,14,0,0
12-12-2014,3,1,16,0,0
12-13-2014,3,1,16,0,0
12-14-2014,3,1,16,0,0
12-15-2014,3,1,16,0,0
12-16-2014,3,1,16,0,0
12-17-2014,3,1,16,0,0
12-18-2014,3,1,17,0,0
12-19-2014,3,1,17,0,0
12-20-2014,3,1,17,0,0
12-21-2014,3,1,15,0,0
12-22-2014,3,1,15,0,0
12-23-2014,3,1,15,0,0
12-24-2014,3,1,15,0,0
12-25-2014,3,1,15,0,0
12-26-2014,3,1,16,0,0
12-27-2014,3,1,16,0,0
12-28-2014,3,1,16,0,0
12-29-2014,3,1,15,0,0
12-30-2014,3,1,15,0,0
12-31-2014,3,1,15,0,0
01-01-2015,3,1,15,0,0
01-02-2015,3,1,17,0,0
01-03-2015,3,1,18,0,0
01-04-2015,3,1,18,0,0
01-05-2015,3,1,18,0,0
01-06-2015,3,1,19,0,0
01-07-2015,3,1,18,0,0
01-08-2015,3,1,18,0,0
01-09-2015,3,1,18,0,0
01-10-2015,3,1,16,0,0
01-11-2015,3,1,15,0,0
01-12-2015,3,1,15,0,0
01-13-2015,3,1,14,0,0
01-14-2015,3,1,13,0,0
01-15-2015,3,1,13,0,0
01-16-2015,3,1,14,0,0
01-17-2015,3,1,14,0,0
01-18-2015,3,1,15,0,0
01-19-2015,3,1,15,0,0
01-20-2015,3,1,16,0,0
01-21-2015,3,1,17,0,0
01-22-2015,4,1,17,0,0
01-23-2015,4,1,17,0,0
01-24-2015,3,1,20,0,0
01-25-2015,3,1,20,0,0
01-26-2015,3,1,20,0,0
01-27-2015,3,1,20,0,0
01-28-2015,3,1,18,0,0
01-29-2015,3,1,18,0,0
01-30-2015,3,1,18,0,0
01-31-2015,3,1,18,0,0
02-01-2015,3,1,18,0,0
02-02-2015,3,1,18,0,0
02-03-2015,3,1,18,0,0
02-04-2015,3,1,18,0,0
02-05-2015,3,1,18,0,0
02-06-2015,3,1,19,0,0
02-07-2015,3,1,20,0,0
02-08-2015,3,1,18,0,0
02-09-2015,3,1,20,0,0
02-10-2015,3,1,19,0,0
02-11-2015,3,1,19,0,0
02-12-2015,3,1,19,0,0
02-13-2015,3,1,19,0,0
02-14-2015,3,1,19,0,0
02-15-2015,3,1,20,0,0
02-16-2015,3,2,20,0,0
02-17-2015,3,2,20,0,0
02-18-2015,3,2,20,0,0
02-19-2015,3,2,18,0,0
02-20-2015,3,1,18,0,0
02-21-2015,3,1,19,0,0
02-22-2015,3,1,19,0,0
02-23-2015,3,1,20,0,0
02-24-2015,2,1,20,0,0
02-25-2015,2,1,21,0,0
02-26-2015,2,1,21,0,0
02-27-2015,1,2,23,0,0
02-28-2015,1,2,22,0,0
03-01-2015,2,1,22,0,0
03-02-2015,2,1,21,0,0
03-03-2015,2,1,20,0,0
03-04-2015,2,1,20,0,0
03-05-2015,2,1,19,0,0
03-06-2015,2,1,18,0,0
03-07-2015,2,1,18,0,0
03-08-2015,2,1,18,0,0
03-09-2015,2,1,19,0,0
03-10-2015,3,1,17,0,0
03-11-2015,3,1,17,0,0
03-12-2015,3,2,17,0,0
03-13-2015,3,2,16,0,0
03-14-2015,3,2,16,0,0
03-15-2015,3,2,16,0,0
03-16-2015,3,2,16,0,0
03-17-2015,3,1,16,0,0
03-18-2015,3,1,16,0,0
03-19-2015,3,1,16,0,0
03-20-2015,4,1,16,0,0
03-21-2015,4,1,16,0,0
03-22-2015,4,1,16,0,0
03-23-2015,4,1,16,0,0
03-24-2015,4,1,16,0,0
03-25-2015,4,1,16,0,0
03-26-2015,3,1,17,0,0
03-27-2015,3,1,17,0,0
03-28-2015,3,1,17,0,0
03-29-2015,3,1,18,0,0
03-30-2015,3,1,17,0,0
03-31-2015,3,1,17,0,0
04-01-2015,3,1,17,0,0
04-02-2015,3,1,17,0,0
04-03-2015,4,1,17,0,0
04-04-2015,4,1,18,0,0
04-05-2015,4,1,18,0,0
04-06-2015,4,2,19,0,0
04-07-2015,4,2,20,0,0
04-08-2015,4,2,20,0,0
04-09-2015,4,2,20,0,0
04-10-2015,4,2,20,0,0
04-11-2015,3,1,21,0,0
04-12-2015,3,1,21,0,0
04-13-2015,3,1,21,0,0
04-14-2015,3,1,20,0,0
04-15-2015,3,1,20,0,0
04-16-2015,3,1,19,0,0
04-17-2015,3,1,20,0,0
04-18-2015,3,1,19,0,0
04-19-2015,3,1,18,0,0
04-20-2015,3,1,18,0,0
04-21-2015,3,1,18,0,0
04-22-2015,3,1,19,0,0
04-23-2015,3,1,22,407,0
04-24-2015,4,2,23,300,0
04-25-2015,3,2,23,243,0
04-26-2015,3,2,23,222,0
04-27-2015,3,2,24,201,0
04-28-2015,3,2,23,183,0
04-29-2015,3,2,24,220,0
04-30-2015,3,2,25,253,0
05-01-2015,3,2,25,318,0
05-02-2015,3,2,24,384,0
05-03-2015,4,2,24,422,0
05-04-2015,4,2,24,452,0
05-05-2015,4,2,25,497,0
05-06-2015,4,3,22,0,0
05-07-2015,4,3,24,515,0
05-08-2015,4,3,23,423,0
05-09-2015,4,3,21,338,0
05-10-2015,4,2,20,302,0
05-11-2015,4,2,21,287,0
05-12-2015,4,2,21,261,0
05-13-2015,4,2,21,242,0
05-14-2015,4,2,21,273,0
05-15-2015,4,2,21,346,0
05-16-2015,4,2,21,423,0
05-17-2015,4,1,21,444,0
05-18-2015,4,1,22,453,0
05-19-2015,4,1,21,476,0
05-20-2015,5,1,20,493,0
05-21-2015,5,1,21,399,0
05-22-2015,5,2,21,357,0
05-23-2015,5,2,21,342,0
05-24-2015,5,2,23,291,0
05-25-2015,5,3,21,281,0
05-26-2015,5,3,21,272,0
05-27-2015,5,3,21,267,0
05-28-2015,5,3,21,304,0
05-29-2015,5,2,21,305,0
05-30-2015,5,1,22,313,0
05-31-2015,5,1,21,374,0
06-01-2015,5,1,22,373,0
06-02-2015,5,1,22,372,0
06-03-2015,5,1,23,288,0
06-04-2015,4,1,25,276,0
06-05-2015,3,1,24,247,0
06-06-2015,3,1,23,230,0
06-07-2015,3,1,24,215,0
06-08-2015,3,1,24,198,0
06-09-2015,2,1,25,181,0
06-10-2015,2,1,26,208,0
06-11-2015,2,1,26,203,0
06-12-2015,2,1,25,201,0
06-13-2015,2,1,26,184,0
06-14-2015,2,1,24,193,0
06-15-2015,3,1,24,192,0
06-16-2015,3,1,24,192,0
06-17-2015,3,1,24,172,0
06-18-2015,3,1,25,168,0
06-19-2015,3,1,25,147,0
06-20-2015,3,1,25,147,0
06-21-2015,3,1,25,147,0
06-22-2015,3,1,25,147,0
06-23-2015,3,1,27,79,0
06-24-2015,3,1,27,83,0
06-25-2015,3,1,27,83,0
06-26-2015,3,1,29,92,0
06-27-2015,3,1,29,92,0
06-28-2015,3,1,25,139,0
06-29-2015,3,1,26,203,0
06-30-2015,3,1,26,221,0
07-01-2015,3,1,26,219,0
07-02-2015,2,1,25,234,0
07-03-2015,2,1,24,258,0
07-04-2015,2,1,24,258,0
07-05-2015,2,1,24,259,0
07-06-2015,2,1,24,258,0
07-07-2015,2,1,24,133,0
07-08-2015,2,1,25,85,0
07-09-2015,2,1,29,84,0
07-10-2015,2,1,29,84,0
07-11-2015,2,1,28,81,0
07-12-2015,2,1,28,77,0
07-13-2015,2,1,29,80,0
07-14-2015,2,1,29,74,0
07-15-2015,2,1,31,75,0
07-16-2015,2,1,31,65,0
07-17-2015,3,1,31,40,0
07-18-2015,3,1,31,40,0
07-19-2015,3,1,31,40,0
07-20-2015,3,1,31,40,0
07-21-2015,3,2,27,41,0
07-22-2015,3,2,27,41,0
07-23-2015,3,2,27,41,0
07-24-2015,3,1,24,44,0
07-25-2015,3,1,24,43,0
07-26-2015,3,1,24,43,0
07-27-2015,3,1,24,43,0
07-28-2015,3,1,22,48,0
07-29-2015,3,1,23,46,0
07-30-2015,3,1,22,59,0
07-31-2015,3,1,23,75,0
08-01-2015,3,1,22,76,0
08-02-2015,3,1,23,78,0
08-03-2015,3,1,24,78,0
08-04-2015,3,1,25,77,0
08-05-2015,3,1,25,83,0
08-06-2015,3,1,25,89,0
08-07-2015,3,1,26,89,0
08-08-2015,3,1,26,91,0
08-09-2015,3,1,27,92,0
08-10-2015,3,1,27,96,0
08-11-2015,3,1,27,106,0
08-12-2015,3,1,28,117,0
08-13-2015,3,1,27,102,0
08-14-2015,4,1,29,105,0
08-15-2015,4,2,28,109,0
08-16-2015,4,2,27,104,0
08-17-2015,3,2,26,106,0
08-18-2015,3,2,26,73,0
08-19-2015,3,2,27,70,0
08-20-2015,3,2,26,72,0
08-21-2015,3,2,26,67,0
08-22-2015,3,1,27,66,0
08-23-2015,3,1,27,66,0
08-24-2015,3,1,27,66,0
08-25-2015,4,2,28,64,0
08-26-2015,4,2,26,71,0
08-27-2015,5,2,27,72,0
08-28-2015,4,2,27,70,0
08-29-2015,4,2,27,65,0
08-30-2015,4,2,27,71,0
08-31-2015,4,2,27,71,0
09-01-2015,4,1,26,66,0
09-02-2015,3,1,27,66,0
09-03-2015,2,1,26,77,0
09-04-2015,2,1,26,76,0
09-05-2015,2,1,27,74,0
09-06-2015,2,1,28,84,0
09-07-2015,2,1,29,86,0
09-08-2015,2,1,27,83,0
09-09-2015,2,1,26,78,0
09-10-2015,2,1,26,59,0
09-11-2015,2,1,25,56,0
09-12-2015,2,1,25,56,0
09-13-2015,2,1,25,56,0
09-14-2015,2,1,26,61,0
09-15-2015,2,1,26,61,0
09-16-2015,2,1,25,60,0
09-17-2015,2,1,25,62,0
09-18-2015,2,1,26,62,0
09-19-2015,2,1,24,65,0
09-20-2015,2,1,22,46,0
09-21-2015,3,1,25,48,0
09-22-2015,3,1,25,58,0
09-23-2015,3,1,25,61,0
09-24-2015,3,1,24,64,0
09-25-2015,3,1,24,64,0
09-26-2015,3,1,24,60,0
09-27-2015,3,1,24,60,0
09-28-2015,3,1,24,60,0
09-29-2015,3,2,26,44,0
09-30-2015,3,2,27,48,0
10-01-2015,4,3,30,38,0
10-02-2015,3,1,27,41,0
10-03-2015,3,1,28,46,0
10-04-2015,3,1,29,43,0
10-05-2015,3,1,29,47,0
10-06-2015,3,1,28,47,0
10-07-2015,2,1,28,45,0
10-08-2015,2,1,25,43,0
10-09-2015,2,1,25,38,0
10-10-2015,2,1,27,36,0
10-11-2015,2,1,25,40,0
10-12-2015,2,1,26,40,0
10-13-2015,2,1,26,43,0
10-14-2015,2,1,27,45,0
10-15-2015,2,1,29,53,0
10-16-2015,2,1,26,53,0
10-17-2015,2,1,25,55,0
10-18-2015,2,1,26,53,0
10-19-2015,2,1,26,58,0
10-20-2015,2,1,27,64,0
10-21-2015,2,1,28,68,0
10-22-2015,2,1,28,71,0
10-23-2015,2,1,28,71,0
10-24-2015,2,1,28,68,0
10-25-2015,2,1,29,71,0
10-26-2015,2,1,29,77,0
10-27-2015,2,1,29,77,0
10-28-2015,2,1,29,56,0
10-29-2015,2,1,29,49,0
10-30-2015,2,1,27,46,0
10-31-2015,2,1,27,46,0
11-01-2015,2,1,27,40,0
11-02-2015,3,1,29,47,0
11-03-2015,3,1,29,47,0
11-04-2015,4,2,28,53,0
11-05-2015,5,3,29,58,0
11-06-2015,4,1,29,59,0
11-07-2015,4,1,28,53,0
11-08-2015,4,1,29,55,0
11-09-2015,4,1,31,62,0
11-10-2015,3,1,28,60,0
11-11-2015,3,1,27,57,0
11-12-2015,2,1,26,52,0
11-13-2015,2,1,25,48,0
11-14-2015,3,2,28,48,0
11-15-2015,3,2,26,45,0
11-16-2015,3,2,25,49,0
11-17-2015,3,2,26,45,0
11-18-2015,3,2,27,49,0
11-19-2015,4,2,29,50,0
11-20-2015,4,2,29,50,0
11-21-2015,3,2,29,56,0
11-22-2015,4,2,27,59,0
11-23-2015,4,1,26,63,0
11-24-2015,3,1,25,68,0
11-25-2015,3,1,24,63,0
11-26-2015,3,1,23,63,0
11-27-2015,3,1,22,65,0
11-28-2015,4,1,21,59,0
11-29-2015,4,1,22,52,0
11-30-2015,4,1,22,53,0
12-01-2015,4,1,20,54,0
12-02-2015,4,1,19,48,0
12-03-2015,4,1,20,58,0
12-04-2015,4,1,20,63,0
12-05-2015,4,1,20,60,0
12-06-2015,4,1,22,64,0
12-07-2015,4,1,24,76,0
12-08-2015,4,1,23,79,0
12-09-2015,4,1,23,72,0
12-10-2015,4,1,22,71,0
12-11-2015,4,1,21,70,0
12-12-2015,4,1,21,65,0
12-13-2015,4,1,24,67,0
12-14-2015,4,1,27,75,0
12-15-2015,4,1,28,79,0
12-16-2015,4,1,28,76,0
12-17-2015,4,1,31,78,0
12-18-2015,3,1,29,82,0
12-19-2015,3,1,30,85,0
12-20-2015,3,1,32,96,0
12-21-2015,3,1,33,102,0
12-22-2015,3,1,33,102,0
12-23-2015,2,1,32,89,0
12-24-2015,2,1,32,89,0
12-25-2015,2,1,34,69,0
12-26-2015,2,1,33,68,0
12-27-2015,2,1,33,75,0
12-28-2015,3,1,33,81,0
12-29-2015,3,1,33,81,0
12-30-2015,3,1,32,79,0
12-31-2015,4,1,31,80,0
01-01-2016,4,1,32,86,0
01-02-2016,4,2,32,94,0
01-03-2016,4,2,34,104,0
01-04-2016,4,2,33,109,0
01-05-2016,4,2,33,106,0
01-06-2016,4,2,29,88,0
01-07-2016,4,2,28,84,0
01-08-2016,4,2,24,81,0
01-09-2016,4,2,27,73,0
01-10-2016,5,2,28,72,0
01-11-2016,5,2,28,72,0
01-12-2016,5,2,29,81,0
01-13-2016,4,2,29,86,0
01-14-2016,4,1,28,90,0
01-15-2016,3,1,29,94,0
01-16-2016,3,1,29,94,0
01-17-2016,4,1,25,99,0
01-18-2016,4,1,27,115,0
01-19-2016,4,1,24,113,0
01-20-2016,3,1,25,117,0
01-21-2016,3,1,24,113,0
01-22-2016,3,1,26,121,0
01-23-2016,4,1,25,121,0
01-24-2016,4,2,27,92,0
01-25-2016,4,2,27,92,0
01-26-2016,4,2,29,93,0
01-27-2016,4,2,30,99,0
01-28-2016,4,2,31,106,0
01-29-2016,4,2,30,100,0
01-30-2016,4,2,29,102,0
01-31-2016,4,2,30,108,0
02-01-2016,4,2,29,123,0
02-02-2016,4,2,29,127,0
02-03-2016,4,3,30,130,0
02-04-2016,4,3,30,130,0
02-05-2016,4,2,29,96,0
02-06-2016,4,2,29,106,0
02-07-2016,4,2,29,106,0
02-08-2016,3,2,32,130,0
02-09-2016,3,2,31,129,0
02-10-2016,1,3,33,157,0
02-11-2016,1,3,35,169,0
02-12-2016,1,3,36,194,0
02-13-2016,1,3,36,193,0
02-14-2016,1,3,35,203,0
02-15-2016,1,2,40,195,0
02-16-2016,1,2,36,175,0
02-17-2016,1,2,35,176,0
02-18-2016,2,1,36,141,0
02-19-2016,2,1,36,132,0
02-20-2016,2,1,34,134,0
02-21-2016,2,1,33,133,0
02-22-2016,2,1,35,131,0
02-23-2016,2,1,36,131,0
02-24-2016,2,1,34,131,0
02-25-2016,2,1,32,136,0
02-26-2016,2,1,33,141,0
02-27-2016,2,1,33,141,0
02-28-2016,2,1,33,141,0
02-29-2016,2,1,33,141,0
03-01-2016,2,1,30,158,0
03-02-2016,2,1,30,157,0
03-03-2016,2,1,31,153,0
03-04-2016,2,1,31,147,0
03-05-2016,1,2,32,148,0
03-06-2016,1,2,33,161,0
03-07-2016,1,2,37,174,0
03-08-2016,1,2,34,160,0
03-09-2016,1,2,33,151,0
03-10-2016,1,2,31,166,0
03-11-2016,1,2,35,170,0
03-12-2016,1,2,33,169,0
03-13-2016,2,1,35,173,0
03-14-2016,2,1,37,186,0
03-15-2016,2,1,32,170,0
03-16-2016,2,1,33,135,0
03-17-2016,2,1,34,118,0
03-18-2016,2,1,34,102,0
03-19-2016,2,1,37,84,0
03-20-2016,2,1,34,82,0
03-21-2016,2,1,33,91,0
03-22-2016,2,1,35,87,0
03-23-2016,2,1,35,84,0
03-24-2016,2,1,34,81,0
03-25-2016,2,1,34,80,0
03-26-2016,2,1,33,79,0
03-27-2016,2,1,35,100,0
03-28-2016,2,1,35,112,0
03-29-2016,1,2,36,116,0
03-30-2016,1,2,38,98,0
03-31-2016,1,2,37,99,0
04-01-2016,1,3,38,95,0
04-02-2016,1,2,37,92,0
04-03-2016,1,2,37,92,0
04-04-2016,1,2,40,106,0
04-05-2016,1,2,37,102,0
04-06-2016,1,2,37,101,0
04-07-2016,1,3,36,98,0
04-08-2016,2,3,34,103,0
04-09-2016,1,3,34,107,0
04-10-2016,2,3,33,116,0
04-11-2016,2,3,36,124,0
04-12-2016,2,3,36,124,0
04-13-2016,2,3,32,114,0
04-14-2016,2,3,32,110,0
04-15-2016,2,3,32,110,0
04-16-2016,2,3,34,114,0
04-17-2016,1,3,39,123,0
04-18-2016,1,3,40,132,0
04-19-2016,1,3,38,132,0
04-20-2016,1,2,37,118,0
04-21-2016,1,2,36,105,0
04-22-2016,1,2,35,105,0
04-23-2016,1,2,34,82,0
04-24-2016,1,2,36,85,0
04-25-2016,1,2,36,85,0
04-26-2016,1,2,36,87,0
04-27-2016,1,2,36,79,0
04-28-2016,1,2,29,86,0
04-29-2016,1,2,31,90,0
04-30-2016,1,2,30,91,0
05-01-2016,1,2,32,110,0
05-02-2016,1,3,39,126,0
05-03-2016,2,3,42,126,0
05-04-2016,2,3,39,127,0
05-05-2016,2,3,37,115,0
05-06-2016,2,3,35,115,0
05-07-2016,2,3,35,110,0
05-08-2016,2,3,35,118,0
05-09-2016,2,3,37,125,0
05-10-2016,2,3,33,122,0
05-11-2016,2,3,35,118,0
05-12-2016,2,3,34,113,0
05-13-2016,2,3,34,103,0
05-14-2016,2,3,36,103,0
05-15-2016,2,3,37,100,0
05-16-2016,2,3,37,100,0
05-17-2016,2,3,36,101,0
05-18-2016,2,3,35,100,0
05-19-2016,2,3,34,104,0
05-20-2016,2,3,36,119,0
05-21-2016,2,3,38,121,0
05-22-2016,2,3,37,129,0
05-23-2016,3,2,37,141,0
05-24-2016,2,3,36,131,0
05-25-2016,2,3,37,124,0
05-26-2016,2,3,42,122,0
05-27-2016,1,3,44,123,0
05-28-2016,1,2,42,127,0
05-29-2016,1,3,42,128,0
05-30-2016,1,3,41,127,0
05-31-2016,1,3,44,133,0
06-01-2016,1,3,42,124,0
06-02-2016,1,3,40,129,0
06-03-2016,1,3,40,129,0
06-04-2016,1,3,35,141,0
06-05-2016,1,3,38,144,0
06-06-2016,1,3,39,135,0
06-07-2016,1,3,39,135,0
06-08-2016,1,3,38,128,0
06-09-2016,1,2,37,139,0
06-10-2016,1,2,38,148,0
06-11-2016,1,3,39,155,0
06-12-2016,1,3,43,168,0
06-13-2016,1,2,48,191,0
06-14-2016,1,2,50,170,0
06-15-2016,1,3,50,168,0
06-16-2016,1,2,49,171,0
06-17-2016,1,2,49,172,0
06-18-2016,1,2,56,172,0
06-19-2016,1,3,53,176,0
06-20-2016,1,3,52,183,0
06-21-2016,1,3,45,184,0
06-22-2016,1,3,40,189,0
06-23-2016,1,3,39,184,0
06-24-2016,1,3,40,184,0
06-25-2016,1,3,40,183,0
06-26-2016,2,3,42,183,0
06-27-2016,2,3,44,193,0
06-28-2016,2,3,44,193,0
06-29-2016,2,3,41,180,0
06-30-2016,2,3,38,174,0
07-01-2016,2,3,38,174,0
07-02-2016,1,3,39,139,0
07-03-2016,1,3,43,161,0
07-04-2016,1,3,42,171,0
07-05-2016,1,3,43,168,0
07-06-2016,1,3,40,165,0
07-07-2016,1,3,40,165,0
07-08-2016,1,3,43,171,0
07-09-2016,1,3,44,181,0
07-10-2016,1,2,42,191,0
07-11-2016,1,2,43,201,0
07-12-2016,1,2,40,207,0
07-13-2016,1,2,44,199,0
07-14-2016,1,2,46,205,0
07-15-2016,1,2,52,212,0
07-16-2016,1,2,51,203,0
07-17-2016,1,2,51,208,0
07-18-2016,2,3,54,200,0
07-19-2016,2,3,52,203,0
07-20-2016,2,3,51,200,0
07-21-2016,2,3,51,199,0
07-22-2016,2,3,49,201,0
07-23-2016,2,3,49,201,0
07-24-2016,1,2,49,207,0
07-25-2016,1,2,48,203,0
07-26-2016,1,2,48,203,0
07-27-2016,1,2,43,187,0
07-28-2016,1,2,43,185,0
07-29-2016,1,2,46,182,0
07-30-2016,1,3,45,185,0
07-31-2016,1,3,47,187,0
08-01-2016,1,3,48,188,0
08-02-2016,1,3,50,186,0
08-03-2016,1,2,50,179,0
08-04-2016,1,2,50,178,0
08-05-2016,1,2,50,178,0
08-06-2016,1,2,50,169,0
08-07-2016,1,2,50,169,0
08-08-2016,2,3,50,180,0
08-09-2016,2,3,51,0,0
08-10-2016,2,3,49,192,0
08-11-2016,2,3,49,180,0
08-12-2016,2,3,48,181,0
08-13-2016,2,3,44,151,0
08-14-2016,2,3,46,151,0
08-15-2016,2,3,51,167,0
08-16-2016,2,3,52,166,0
08-17-2016,2,3,47,160,0
08-18-2016,3,2,51,159,0
08-19-2016,3,2,50,150,0
08-20-2016,3,2,50,150,0
08-21-2016,3,2,50,150,0
08-22-2016,2,3,52,162,0
08-23-2016,2,3,50,175,0
08-24-2016,2,3,45,172,0
08-25-2016,2,3,36,170,0
08-26-2016,1,2,29,172,0
08-27-2016,1,2,23,180,0
08-28-2016,1,2,22,197,0
08-29-2016,1,2,24,213,0
08-30-2016,1,2,22,196,0
08-31-2016,1,2,23,186,0
09-01-2016,1,2,20,183,0
09-02-2016,1,2,20,181,0
09-03-2016,1,2,19,177,0
09-04-2016,1,2,28,233,0
09-05-2016,1,2,28,233,0
09-06-2016,1,2,24,220,0
09-07-2016,1,2,22,206,0
09-08-2016,1,2,22,205,0
09-09-2016,1,2,18,199,0
09-10-2016,1,2,19,192,0
09-11-2016,1,2,19,176,0
09-12-2016,1,2,21,170,0
09-13-2016,1,2,24,167,0
09-14-2016,1,2,24,165,0
09-15-2016,1,2,24,148,0
09-16-2016,2,1,24,138,0
09-17-2016,2,1,23,140,0
09-18-2016,1,2,23,151,0
09-19-2016,1,2,28,163,0
09-20-2016,1,2,27,162,0
09-21-2016,1,2,25,153,0
09-22-2016,1,2,25,148,0
09-23-2016,1,2,27,160,0
09-24-2016,1,2,27,162,0
09-25-2016,1,2,28,178,0
09-26-2016,1,2,31,198,0
09-27-2016,1,2,33,191,0
09-28-2016,1,2,33,180,0
09-29-2016,1,2,32,169,0
09-30-2016,1,2,29,173,0
10-01-2016,1,2,29,176,0
10-02-2016,1,2,36,240,0
10-03-2016,1,2,33,271,0
10-04-2016,1,2,32,272,0
10-05-2016,1,2,33,271,0
10-06-2016,1,2,32,260,0
10-07-2016,1,2,29,219,0
10-08-2016,1,2,29,171,0
10-09-2016,1,2,32,169,0
10-10-2016,1,2,32,181,0
10-11-2016,1,2,32,181,0
10-12-2016,1,2,28,133,0
10-13-2016,1,2,29,135,0
10-14-2016,1,2,31,137,0
10-15-2016,1,2,34,108,0
10-16-2016,1,2,34,108,0
10-17-2016,1,2,40,96,0
10-18-2016,1,2,39,86,0
10-19-2016,1,2,39,86,0
10-20-2016,1,2,35,78,0
10-21-2016,1,2,34,81,0
10-22-2016,2,1,32,85,0
10-23-2016,2,1,35,111,0
10-24-2016,1,2,36,93,0
10-25-2016,1,2,35,81,0
10-26-2016,1,2,34,77,0
10-27-2016,1,2,35,66,0
10-28-2016,1,2,37,67,0
10-29-2016,1,2,37,66,0
10-30-2016,1,2,40,69,0
10-31-2016,1,2,41,77,0
11-01-2016,1,2,41,83,0
11-02-2016,1,2,44,90,0
11-03-2016,1,2,36,89,0
11-04-2016,1,2,30,90,0
11-05-2016,1,2,30,90,0
11-06-2016,1,2,35,91,0
11-07-2016,1,2,39,94,0
11-08-2016,1,2,36,95,0
11-09-2016,1,2,34,90,0
11-10-2016,1,2,34,89,0
11-11-2016,1,2,34,87,0
11-12-2016,1,2,35,87,0
11-13-2016,1,2,35,91,0
11-14-2016,1,2,39,109,0
11-15-2016,1,2,38,110,0
11-16-2016,1,3,36,97,0
11-17-2016,1,3,38,102,0
11-18-2016,1,2,34,91,0
11-19-2016,1,3,37,89,0
11-20-2016,1,3,41,96,0
11-21-2016,1,3,47,109,0
11-22-2016,1,3,46,104,0
11-23-2016,1,2,45,99,0
11-24-2016,1,2,27,93,0
11-25-2016,1,2,34,91,0
11-26-2016,1,2,33,70,0
11-27-2016,1,2,34,69,0
11-28-2016,1,2,37,75,0
11-29-2016,1,2,40,68,0
11-30-2016,1,2,39,61,0
12-01-2016,1,2,41,59,0
12-02-2016,1,2,43,63,0
12-03-2016,1,2,41,63,0
12-04-2016,1,2,17,100,0
12-05-2016,1,2,20,130,0
12-06-2016,1,2,20,129,0
12-07-2016,1,2,14,102,0
12-08-2016,1,2,14,104,0
12-09-2016,1,2,17,94,0
12-10-2016,1,3,16,72,0
12-11-2016,1,2,17,70,0
12-12-2016,1,2,11,95,0
12-13-2016,1,2,19,91,0
12-14-2016,1,2,17,78,0
12-15-2016,1,2,17,77,0
12-16-2016,1,2,44,47,0
12-17-2016,1,2,45,46,0
12-18-2016,1,2,45,46,0
12-19-2016,1,2,54,58,0
12-20-2016,1,2,51,58,0
12-21-2016,1,2,52,46,0
12-22-2016,1,2,49,45,0
12-23-2016,1,2,52,46,0
12-24-2016,1,2,54,50,0
12-25-2016,1,2,55,57,0
12-26-2016,1,2,61,64,0
12-27-2016,1,2,56,61,0
12-28-2016,1,2,53,60,0
12-29-2016,1,2,55,64,0
12-30-2016,1,3,56,65,0
12-31-2016,2,3,57,65,0
01-01-2017,2,3,57,67,0
01-02-2017,2,3,60,80,0
01-03-2017,2,3,65,79,0
01-04-2017,2,3,64,59,0
01-05-2017,2,3,65,56,0
01-06-2017,1,3,64,48,0
01-07-2017,1,2,67,46,0
01-08-2017,1,2,68,49,9
01-09-2017,1,2,74,56,9
01-10-2017,1,2,70,50,9
01-11-2017,1,2,70,50,9
01-12-2017,1,2,70,50,9
01-13-2017,1,2,65,50,8
01-14-2017,1,2,65,50,8
01-15-2017,1,2,65,51,10
01-16-2017,1,2,72,55,11
01-17-2017,1,2,67,55,11
01-18-2017,1,2,62,56,10
01-19-2017,1,2,65,50,10
01-20-2017,1,2,65,50,10
01-21-2017,1,2,63,49,-1
01-22-2017,1,2,70,54,-1
01-23-2017,1,2,72,54,12
01-24-2017,1,2,69,58,12
01-25-2017,1,2,72,67,13
01-26-2017,1,2,78,80,13
01-27-2017,1,2,78,80,15
01-28-2017,1,3,86,69,15
01-29-2017,1,2,93,67,16
01-30-2017,1,2,102,77,16
01-31-2017,540,542,111,85,16
02-01-2017,1,3,105,80,17
02-02-2017,1,2,109,80,17
02-03-2017,1,2,103,78,16
02-04-2017,1,2,95,71,15
02-05-2017,1,2,91,71,14
02-06-2017,1,2,92,65,10
02-07-2017,1,2,85,57,11
